-- phpMyAdmin SQL Dump
-- version 5.2.1
-- https://www.phpmyadmin.net/
--
-- Host: 127.0.0.1
-- Generation Time: Nov 20, 2025 at 07:14 AM
-- Server version: 10.4.32-MariaDB
-- PHP Version: 8.2.12

SET SQL_MODE = "NO_AUTO_VALUE_ON_ZERO";
START TRANSACTION;
SET time_zone = "+00:00";


/*!40101 SET @OLD_CHARACTER_SET_CLIENT=@@CHARACTER_SET_CLIENT */;
/*!40101 SET @OLD_CHARACTER_SET_RESULTS=@@CHARACTER_SET_RESULTS */;
/*!40101 SET @OLD_COLLATION_CONNECTION=@@COLLATION_CONNECTION */;
/*!40101 SET NAMES utf8mb4 */;

--
-- Database: `senai_calendario`
--

-- --------------------------------------------------------

--
-- Table structure for table `agendamentos`
--

CREATE TABLE `agendamentos` (
  `id` int(11) NOT NULL,
  `curso_id` int(11) NOT NULL,
  `data_aula` date NOT NULL,
  `hora_inicio` time NOT NULL,
  `hora_fim` time NOT NULL
) ENGINE=InnoDB DEFAULT CHARSET=utf8mb4 COLLATE=utf8mb4_general_ci;

--
-- Dumping data for table `agendamentos`
--

INSERT INTO `agendamentos` (`id`, `curso_id`, `data_aula`, `hora_inicio`, `hora_fim`) VALUES
(2251, 2, '2026-02-02', '13:30:00', '17:30:00'),
(2252, 2, '2026-02-03', '13:30:00', '17:30:00'),
(2253, 2, '2026-02-04', '13:30:00', '17:30:00'),
(2254, 2, '2026-02-05', '13:30:00', '17:30:00'),
(2255, 2, '2026-02-06', '13:30:00', '17:30:00'),
(2256, 2, '2026-02-09', '13:30:00', '17:30:00'),
(2257, 2, '2026-02-10', '13:30:00', '17:30:00'),
(2258, 2, '2026-02-11', '13:30:00', '17:30:00'),
(2259, 2, '2026-02-12', '13:30:00', '17:30:00'),
(2260, 2, '2026-02-13', '13:30:00', '17:30:00'),
(2261, 2, '2026-02-18', '13:30:00', '17:30:00'),
(2262, 2, '2026-02-19', '13:30:00', '17:30:00'),
(2263, 2, '2026-02-20', '13:30:00', '17:30:00'),
(2264, 2, '2026-02-23', '13:30:00', '17:30:00'),
(2265, 2, '2026-02-24', '13:30:00', '17:30:00'),
(2266, 2, '2026-02-25', '13:30:00', '17:30:00'),
(2267, 2, '2026-02-26', '13:30:00', '17:30:00'),
(2268, 2, '2026-02-27', '13:30:00', '17:30:00'),
(2269, 2, '2026-03-02', '13:30:00', '17:30:00'),
(2270, 2, '2026-03-03', '13:30:00', '17:30:00'),
(2271, 2, '2026-03-04', '13:30:00', '17:30:00'),
(2272, 2, '2026-03-05', '13:30:00', '17:30:00'),
(2273, 2, '2026-03-06', '13:30:00', '17:30:00'),
(2274, 2, '2026-03-09', '13:30:00', '17:30:00'),
(2275, 2, '2026-03-10', '13:30:00', '17:30:00'),
(2276, 2, '2026-03-11', '13:30:00', '17:30:00'),
(2277, 2, '2026-03-12', '13:30:00', '17:30:00'),
(2278, 2, '2026-03-13', '13:30:00', '17:30:00'),
(2279, 2, '2026-03-16', '13:30:00', '17:30:00'),
(2280, 2, '2026-03-17', '13:30:00', '17:30:00'),
(2281, 2, '2026-03-18', '13:30:00', '17:30:00'),
(2282, 2, '2026-03-19', '13:30:00', '17:30:00'),
(2283, 2, '2026-03-20', '13:30:00', '17:30:00'),
(2284, 2, '2026-03-23', '13:30:00', '17:30:00'),
(2285, 2, '2026-03-24', '13:30:00', '17:30:00'),
(2286, 2, '2026-03-25', '13:30:00', '17:30:00'),
(2287, 2, '2026-03-26', '13:30:00', '17:30:00'),
(2288, 2, '2026-03-27', '13:30:00', '17:30:00'),
(2289, 2, '2026-03-30', '13:30:00', '17:30:00'),
(2290, 2, '2026-03-31', '13:30:00', '17:30:00'),
(2291, 2, '2026-04-01', '13:30:00', '17:30:00'),
(2292, 2, '2026-04-02', '13:30:00', '17:30:00'),
(2293, 2, '2026-04-06', '13:30:00', '17:30:00'),
(2294, 2, '2026-04-07', '13:30:00', '17:30:00'),
(2295, 2, '2026-04-08', '13:30:00', '17:30:00'),
(2296, 2, '2026-04-09', '13:30:00', '17:30:00'),
(2297, 2, '2026-04-10', '13:30:00', '17:30:00'),
(2298, 2, '2026-04-13', '13:30:00', '17:30:00'),
(2299, 2, '2026-04-14', '13:30:00', '17:30:00'),
(2300, 2, '2026-04-15', '13:30:00', '17:30:00'),
(2301, 2, '2026-04-16', '13:30:00', '17:30:00'),
(2302, 2, '2026-04-17', '13:30:00', '17:30:00'),
(2303, 2, '2026-04-20', '13:30:00', '17:30:00'),
(2304, 2, '2026-04-22', '13:30:00', '17:30:00'),
(2305, 2, '2026-04-23', '13:30:00', '17:30:00'),
(2306, 2, '2026-04-24', '13:30:00', '17:30:00'),
(2307, 2, '2026-04-27', '13:30:00', '17:30:00'),
(2308, 2, '2026-04-28', '13:30:00', '17:30:00'),
(2309, 2, '2026-04-29', '13:30:00', '17:30:00'),
(2310, 2, '2026-04-30', '13:30:00', '17:30:00'),
(2311, 2, '2026-05-04', '13:30:00', '17:30:00'),
(2312, 2, '2026-05-05', '13:30:00', '17:30:00'),
(2313, 2, '2026-05-06', '13:30:00', '17:30:00'),
(2314, 2, '2026-05-07', '13:30:00', '17:30:00'),
(2315, 2, '2026-05-08', '13:30:00', '17:30:00'),
(2316, 2, '2026-05-11', '13:30:00', '17:30:00'),
(2317, 2, '2026-05-12', '13:30:00', '17:30:00'),
(2318, 2, '2026-05-13', '13:30:00', '17:30:00'),
(2319, 2, '2026-05-14', '13:30:00', '17:30:00'),
(2320, 2, '2026-05-15', '13:30:00', '17:30:00'),
(2321, 2, '2026-05-18', '13:30:00', '17:30:00'),
(2322, 2, '2026-05-19', '13:30:00', '17:30:00'),
(2323, 2, '2026-05-20', '13:30:00', '17:30:00'),
(2324, 2, '2026-05-21', '13:30:00', '17:30:00'),
(2325, 2, '2026-05-22', '13:30:00', '17:30:00'),
(2326, 2, '2026-05-25', '13:30:00', '17:30:00'),
(2327, 2, '2026-05-26', '13:30:00', '17:30:00'),
(2328, 2, '2026-05-27', '13:30:00', '17:30:00'),
(2329, 2, '2026-05-28', '13:30:00', '17:30:00'),
(2330, 2, '2026-05-29', '13:30:00', '17:30:00'),
(2331, 2, '2026-06-01', '13:30:00', '17:30:00'),
(2332, 2, '2026-06-02', '13:30:00', '17:30:00'),
(2333, 2, '2026-06-03', '13:30:00', '17:30:00'),
(2334, 2, '2026-06-05', '13:30:00', '17:30:00'),
(2335, 2, '2026-06-08', '13:30:00', '17:30:00'),
(2336, 2, '2026-06-09', '13:30:00', '17:30:00'),
(2337, 2, '2026-06-10', '13:30:00', '17:30:00'),
(2338, 2, '2026-06-11', '13:30:00', '17:30:00'),
(2339, 2, '2026-06-12', '13:30:00', '17:30:00'),
(2340, 2, '2026-06-15', '13:30:00', '17:30:00'),
(2341, 2, '2026-06-16', '13:30:00', '17:30:00'),
(2342, 2, '2026-06-17', '13:30:00', '17:30:00'),
(2343, 2, '2026-06-18', '13:30:00', '17:30:00'),
(2344, 2, '2026-06-19', '13:30:00', '17:30:00'),
(2345, 2, '2026-06-22', '13:30:00', '17:30:00'),
(2346, 2, '2026-06-23', '13:30:00', '17:30:00'),
(2347, 2, '2026-06-24', '13:30:00', '17:30:00'),
(2348, 2, '2026-06-25', '13:30:00', '17:30:00'),
(2349, 2, '2026-06-26', '13:30:00', '17:30:00'),
(2350, 2, '2026-06-29', '13:30:00', '17:30:00'),
(2351, 2, '2026-06-30', '13:30:00', '17:30:00'),
(2352, 2, '2026-07-01', '13:30:00', '17:30:00'),
(2353, 2, '2026-07-02', '13:30:00', '17:30:00'),
(2354, 2, '2026-07-03', '13:30:00', '17:30:00'),
(2355, 2, '2026-07-06', '13:30:00', '17:30:00'),
(2356, 2, '2026-07-07', '13:30:00', '17:30:00'),
(2357, 2, '2026-07-08', '13:30:00', '17:30:00'),
(2358, 2, '2026-07-09', '13:30:00', '17:30:00'),
(2359, 2, '2026-07-10', '13:30:00', '17:30:00'),
(2360, 2, '2026-07-13', '13:30:00', '17:30:00'),
(2361, 2, '2026-07-14', '13:30:00', '17:30:00'),
(2362, 2, '2026-07-15', '13:30:00', '17:30:00'),
(2363, 2, '2026-07-16', '13:30:00', '17:30:00'),
(2364, 2, '2026-07-17', '13:30:00', '17:30:00'),
(2365, 2, '2026-07-20', '13:30:00', '17:30:00'),
(2366, 2, '2026-07-21', '13:30:00', '17:30:00'),
(2367, 2, '2026-07-22', '13:30:00', '17:30:00'),
(2368, 2, '2026-07-23', '13:30:00', '17:30:00'),
(2369, 2, '2026-07-24', '13:30:00', '17:30:00'),
(2370, 2, '2026-07-27', '13:30:00', '17:30:00'),
(2371, 2, '2026-07-28', '13:30:00', '17:30:00'),
(2372, 2, '2026-07-29', '13:30:00', '17:30:00'),
(2373, 2, '2026-07-30', '13:30:00', '17:30:00'),
(2374, 2, '2026-07-31', '13:30:00', '17:30:00'),
(2375, 2, '2026-08-03', '13:30:00', '17:30:00'),
(2376, 2, '2026-08-04', '13:30:00', '17:30:00'),
(2377, 2, '2026-08-05', '13:30:00', '17:30:00'),
(2378, 2, '2026-08-06', '13:30:00', '17:30:00'),
(2379, 2, '2026-08-07', '13:30:00', '17:30:00'),
(2380, 2, '2026-08-10', '13:30:00', '17:30:00'),
(2381, 2, '2026-08-11', '13:30:00', '17:30:00'),
(2382, 2, '2026-08-12', '13:30:00', '17:30:00'),
(2383, 2, '2026-08-13', '13:30:00', '17:30:00'),
(2384, 2, '2026-08-14', '13:30:00', '17:30:00'),
(2385, 2, '2026-08-17', '13:30:00', '17:30:00'),
(2386, 2, '2026-08-18', '13:30:00', '17:30:00'),
(2387, 2, '2026-08-19', '13:30:00', '17:30:00'),
(2388, 2, '2026-08-20', '13:30:00', '17:30:00'),
(2389, 2, '2026-08-21', '13:30:00', '17:30:00'),
(2390, 2, '2026-08-24', '13:30:00', '17:30:00'),
(2391, 2, '2026-08-25', '13:30:00', '17:30:00'),
(2392, 2, '2026-08-26', '13:30:00', '17:30:00'),
(2393, 2, '2026-08-27', '13:30:00', '17:30:00'),
(2394, 2, '2026-08-28', '13:30:00', '17:30:00'),
(2395, 2, '2026-08-31', '13:30:00', '17:30:00'),
(2396, 2, '2026-09-01', '13:30:00', '17:30:00'),
(2397, 2, '2026-09-02', '13:30:00', '17:30:00'),
(2398, 2, '2026-09-03', '13:30:00', '17:30:00'),
(2399, 2, '2026-09-04', '13:30:00', '17:30:00'),
(2400, 2, '2026-09-08', '13:30:00', '17:30:00'),
(2701, 1, '2026-02-02', '13:30:00', '17:30:00'),
(2702, 1, '2026-02-03', '13:30:00', '17:30:00'),
(2703, 1, '2026-02-04', '13:30:00', '17:30:00'),
(2704, 1, '2026-02-05', '13:30:00', '17:30:00'),
(2705, 1, '2026-02-06', '13:30:00', '17:30:00'),
(2706, 1, '2026-02-09', '13:30:00', '17:30:00'),
(2707, 1, '2026-02-10', '13:30:00', '17:30:00'),
(2708, 1, '2026-02-11', '13:30:00', '17:30:00'),
(2709, 1, '2026-02-12', '13:30:00', '17:30:00'),
(2710, 1, '2026-02-13', '13:30:00', '17:30:00'),
(2711, 1, '2026-02-18', '13:30:00', '17:30:00'),
(2712, 1, '2026-02-19', '13:30:00', '17:30:00'),
(2713, 1, '2026-02-20', '13:30:00', '17:30:00'),
(2714, 1, '2026-02-23', '13:30:00', '17:30:00'),
(2715, 1, '2026-02-24', '13:30:00', '17:30:00'),
(2716, 1, '2026-02-25', '13:30:00', '17:30:00'),
(2717, 1, '2026-02-26', '13:30:00', '17:30:00'),
(2718, 1, '2026-02-27', '13:30:00', '17:30:00'),
(2719, 1, '2026-03-02', '13:30:00', '17:30:00'),
(2720, 1, '2026-03-03', '13:30:00', '17:30:00'),
(2721, 1, '2026-03-04', '13:30:00', '17:30:00'),
(2722, 1, '2026-03-05', '13:30:00', '17:30:00'),
(2723, 1, '2026-03-06', '13:30:00', '17:30:00'),
(2724, 1, '2026-03-09', '13:30:00', '17:30:00'),
(2725, 1, '2026-03-10', '13:30:00', '17:30:00'),
(2726, 1, '2026-03-11', '13:30:00', '17:30:00'),
(2727, 1, '2026-03-12', '13:30:00', '17:30:00'),
(2728, 1, '2026-03-13', '13:30:00', '17:30:00'),
(2729, 1, '2026-03-16', '13:30:00', '17:30:00'),
(2730, 1, '2026-03-17', '13:30:00', '17:30:00'),
(2731, 1, '2026-03-18', '13:30:00', '17:30:00'),
(2732, 1, '2026-03-19', '13:30:00', '17:30:00'),
(2733, 1, '2026-03-20', '13:30:00', '17:30:00'),
(2734, 1, '2026-03-23', '13:30:00', '17:30:00'),
(2735, 1, '2026-03-24', '13:30:00', '17:30:00'),
(2736, 1, '2026-03-25', '13:30:00', '17:30:00'),
(2737, 1, '2026-03-26', '13:30:00', '17:30:00'),
(2738, 1, '2026-03-27', '13:30:00', '17:30:00'),
(2739, 1, '2026-03-30', '13:30:00', '17:30:00'),
(2740, 1, '2026-03-31', '13:30:00', '17:30:00'),
(2741, 1, '2026-04-01', '13:30:00', '17:30:00'),
(2742, 1, '2026-04-02', '13:30:00', '17:30:00'),
(2743, 1, '2026-04-06', '13:30:00', '17:30:00'),
(2744, 1, '2026-04-07', '13:30:00', '17:30:00'),
(2745, 1, '2026-04-08', '13:30:00', '17:30:00'),
(2746, 1, '2026-04-09', '13:30:00', '17:30:00'),
(2747, 1, '2026-04-10', '13:30:00', '17:30:00'),
(2748, 1, '2026-04-13', '13:30:00', '17:30:00'),
(2749, 1, '2026-04-14', '13:30:00', '17:30:00'),
(2750, 1, '2026-04-15', '13:30:00', '17:30:00'),
(2751, 1, '2026-04-16', '13:30:00', '17:30:00'),
(2752, 1, '2026-04-17', '13:30:00', '17:30:00'),
(2753, 1, '2026-04-20', '13:30:00', '17:30:00'),
(2754, 1, '2026-04-22', '13:30:00', '17:30:00'),
(2755, 1, '2026-04-23', '13:30:00', '17:30:00'),
(2756, 1, '2026-04-24', '13:30:00', '17:30:00'),
(2757, 1, '2026-04-27', '13:30:00', '17:30:00'),
(2758, 1, '2026-04-28', '13:30:00', '17:30:00'),
(2759, 1, '2026-04-29', '13:30:00', '17:30:00'),
(2760, 1, '2026-04-30', '13:30:00', '17:30:00'),
(2761, 1, '2026-05-04', '13:30:00', '17:30:00'),
(2762, 1, '2026-05-05', '13:30:00', '17:30:00'),
(2763, 1, '2026-05-06', '13:30:00', '17:30:00'),
(2764, 1, '2026-05-07', '13:30:00', '17:30:00'),
(2765, 1, '2026-05-08', '13:30:00', '17:30:00'),
(2766, 1, '2026-05-11', '13:30:00', '17:30:00'),
(2767, 1, '2026-05-12', '13:30:00', '17:30:00'),
(2768, 1, '2026-05-13', '13:30:00', '17:30:00'),
(2769, 1, '2026-05-14', '13:30:00', '17:30:00'),
(2770, 1, '2026-05-15', '13:30:00', '17:30:00'),
(2771, 1, '2026-05-18', '13:30:00', '17:30:00'),
(2772, 1, '2026-05-19', '13:30:00', '17:30:00'),
(2773, 1, '2026-05-20', '13:30:00', '17:30:00'),
(2774, 1, '2026-05-21', '13:30:00', '17:30:00'),
(2775, 1, '2026-05-22', '13:30:00', '17:30:00'),
(2776, 1, '2026-05-25', '13:30:00', '17:30:00'),
(2777, 1, '2026-05-26', '13:30:00', '17:30:00'),
(2778, 1, '2026-05-27', '13:30:00', '17:30:00'),
(2779, 1, '2026-05-28', '13:30:00', '17:30:00'),
(2780, 1, '2026-05-29', '13:30:00', '17:30:00'),
(2781, 1, '2026-06-01', '13:30:00', '17:30:00'),
(2782, 1, '2026-06-02', '13:30:00', '17:30:00'),
(2783, 1, '2026-06-03', '13:30:00', '17:30:00'),
(2784, 1, '2026-06-05', '13:30:00', '17:30:00'),
(2785, 1, '2026-06-08', '13:30:00', '17:30:00'),
(2786, 1, '2026-06-09', '13:30:00', '17:30:00'),
(2787, 1, '2026-06-10', '13:30:00', '17:30:00'),
(2788, 1, '2026-06-11', '13:30:00', '17:30:00'),
(2789, 1, '2026-06-12', '13:30:00', '17:30:00'),
(2790, 1, '2026-06-15', '13:30:00', '17:30:00'),
(2791, 1, '2026-06-16', '13:30:00', '17:30:00'),
(2792, 1, '2026-06-17', '13:30:00', '17:30:00'),
(2793, 1, '2026-06-18', '13:30:00', '17:30:00'),
(2794, 1, '2026-06-19', '13:30:00', '17:30:00'),
(2795, 1, '2026-06-22', '13:30:00', '17:30:00'),
(2796, 1, '2026-06-23', '13:30:00', '17:30:00'),
(2797, 1, '2026-06-24', '13:30:00', '17:30:00'),
(2798, 1, '2026-06-25', '13:30:00', '17:30:00'),
(2799, 1, '2026-06-26', '13:30:00', '17:30:00'),
(2800, 1, '2026-06-29', '13:30:00', '17:30:00'),
(2801, 1, '2026-06-30', '13:30:00', '17:30:00'),
(2802, 1, '2026-07-01', '13:30:00', '17:30:00'),
(2803, 1, '2026-07-02', '13:30:00', '17:30:00'),
(2804, 1, '2026-07-03', '13:30:00', '17:30:00'),
(2805, 1, '2026-07-06', '13:30:00', '17:30:00'),
(2806, 1, '2026-07-07', '13:30:00', '17:30:00'),
(2807, 1, '2026-07-08', '13:30:00', '17:30:00'),
(2808, 1, '2026-07-09', '13:30:00', '17:30:00'),
(2809, 1, '2026-07-10', '13:30:00', '17:30:00'),
(2810, 1, '2026-07-13', '13:30:00', '17:30:00'),
(2811, 1, '2026-07-14', '13:30:00', '17:30:00'),
(2812, 1, '2026-07-15', '13:30:00', '17:30:00'),
(2813, 1, '2026-07-16', '13:30:00', '17:30:00'),
(2814, 1, '2026-07-17', '13:30:00', '17:30:00'),
(2815, 1, '2026-07-20', '13:30:00', '17:30:00'),
(2816, 1, '2026-07-21', '13:30:00', '17:30:00'),
(2817, 1, '2026-07-22', '13:30:00', '17:30:00'),
(2818, 1, '2026-07-23', '13:30:00', '17:30:00'),
(2819, 1, '2026-07-24', '13:30:00', '17:30:00'),
(2820, 1, '2026-07-27', '13:30:00', '17:30:00'),
(2821, 1, '2026-07-28', '13:30:00', '17:30:00'),
(2822, 1, '2026-07-29', '13:30:00', '17:30:00'),
(2823, 1, '2026-07-30', '13:30:00', '17:30:00'),
(2824, 1, '2026-07-31', '13:30:00', '17:30:00'),
(2825, 1, '2026-08-03', '13:30:00', '17:30:00'),
(2826, 1, '2026-08-04', '13:30:00', '17:30:00'),
(2827, 1, '2026-08-05', '13:30:00', '17:30:00'),
(2828, 1, '2026-08-06', '13:30:00', '17:30:00'),
(2829, 1, '2026-08-07', '13:30:00', '17:30:00'),
(2830, 1, '2026-08-10', '13:30:00', '17:30:00'),
(2831, 1, '2026-08-11', '13:30:00', '17:30:00'),
(2832, 1, '2026-08-12', '13:30:00', '17:30:00'),
(2833, 1, '2026-08-13', '13:30:00', '17:30:00'),
(2834, 1, '2026-08-14', '13:30:00', '17:30:00'),
(2835, 1, '2026-08-17', '13:30:00', '17:30:00'),
(2836, 1, '2026-08-18', '13:30:00', '17:30:00'),
(2837, 1, '2026-08-19', '13:30:00', '17:30:00'),
(2838, 1, '2026-08-20', '13:30:00', '17:30:00'),
(2839, 1, '2026-08-21', '13:30:00', '17:30:00'),
(2840, 1, '2026-08-24', '13:30:00', '17:30:00'),
(2841, 1, '2026-08-25', '13:30:00', '17:30:00'),
(2842, 1, '2026-08-26', '13:30:00', '17:30:00'),
(2843, 1, '2026-08-27', '13:30:00', '17:30:00'),
(2844, 1, '2026-08-28', '13:30:00', '17:30:00'),
(2845, 1, '2026-08-31', '13:30:00', '17:30:00'),
(2846, 1, '2026-09-01', '13:30:00', '17:30:00'),
(2847, 1, '2026-09-02', '13:30:00', '17:30:00'),
(2848, 1, '2026-09-03', '13:30:00', '17:30:00'),
(2849, 1, '2026-09-04', '13:30:00', '17:30:00'),
(2850, 1, '2026-09-08', '13:30:00', '17:30:00'),
(2926, 3, '2025-11-03', '13:30:00', '17:30:00'),
(2927, 3, '2025-11-04', '13:30:00', '17:30:00'),
(2928, 3, '2025-11-05', '13:30:00', '17:30:00'),
(2929, 3, '2025-11-06', '13:30:00', '17:30:00'),
(2930, 3, '2025-11-07', '13:30:00', '17:30:00'),
(2931, 3, '2025-11-10', '13:30:00', '17:30:00'),
(2932, 3, '2025-11-11', '13:30:00', '17:30:00'),
(2933, 3, '2025-11-12', '13:30:00', '17:30:00'),
(2934, 3, '2025-11-13', '13:30:00', '17:30:00'),
(2935, 3, '2025-11-14', '13:30:00', '17:30:00'),
(2936, 3, '2025-11-17', '13:30:00', '17:30:00'),
(2937, 3, '2025-11-18', '13:30:00', '17:30:00'),
(2938, 3, '2025-11-19', '13:30:00', '17:30:00'),
(2939, 3, '2025-11-20', '13:30:00', '17:30:00'),
(2940, 3, '2025-11-21', '13:30:00', '17:30:00');

-- --------------------------------------------------------

--
-- Table structure for table `agenda_professores`
--

CREATE TABLE `agenda_professores` (
  `id` int(11) NOT NULL,
  `professor_id` int(11) NOT NULL,
  `data` date NOT NULL,
  `turno` enum('Manhã','Tarde','Noite') NOT NULL,
  `curso_id` int(11) DEFAULT NULL,
  `uc_id` int(11) DEFAULT NULL,
  `tipo` enum('AULA','FOLGA','AUSENTE','SUBSTITUICAO','MANUAL') NOT NULL,
  `substituto_id` int(11) DEFAULT NULL,
  `observacao` varchar(255) DEFAULT NULL,
  `criado_em` timestamp NOT NULL DEFAULT current_timestamp(),
  `atualizado_em` timestamp NOT NULL DEFAULT current_timestamp() ON UPDATE current_timestamp()
) ENGINE=InnoDB DEFAULT CHARSET=utf8mb4 COLLATE=utf8mb4_general_ci;

-- --------------------------------------------------------

--
-- Table structure for table `aulas`
--

CREATE TABLE `aulas` (
  `id` int(11) NOT NULL,
  `curso_id` int(11) NOT NULL,
  `uc_id` int(11) NOT NULL,
  `professor_id` int(11) DEFAULT NULL,
  `data` date NOT NULL,
  `hora_inicio` time NOT NULL,
  `hora_fim` time NOT NULL,
  `modalidade` enum('PRESENCIAL','AVA','IND') NOT NULL DEFAULT 'PRESENCIAL'
) ENGINE=InnoDB DEFAULT CHARSET=utf8mb4 COLLATE=utf8mb4_unicode_ci;

--
-- Dumping data for table `aulas`
--

INSERT INTO `aulas` (`id`, `curso_id`, `uc_id`, `professor_id`, `data`, `hora_inicio`, `hora_fim`, `modalidade`) VALUES
(1951, 2, 13, 7, '2026-02-02', '13:30:00', '17:30:00', 'IND'),
(1952, 2, 13, 7, '2026-02-03', '13:30:00', '17:30:00', 'PRESENCIAL'),
(1953, 2, 13, 7, '2026-02-04', '13:30:00', '17:30:00', 'PRESENCIAL'),
(1954, 2, 13, 7, '2026-02-05', '13:30:00', '17:30:00', 'PRESENCIAL'),
(1955, 2, 13, 7, '2026-02-06', '13:30:00', '17:30:00', 'PRESENCIAL'),
(1956, 2, 14, 2, '2026-02-09', '13:30:00', '17:30:00', 'IND'),
(1957, 2, 14, 2, '2026-02-10', '13:30:00', '17:30:00', 'PRESENCIAL'),
(1958, 2, 14, 2, '2026-02-11', '13:30:00', '17:30:00', 'PRESENCIAL'),
(1959, 2, 14, 2, '2026-02-12', '13:30:00', '17:30:00', 'PRESENCIAL'),
(1960, 2, 14, 2, '2026-02-13', '13:30:00', '17:30:00', 'PRESENCIAL'),
(1961, 2, 15, 7, '2026-02-18', '13:30:00', '17:30:00', 'PRESENCIAL'),
(1962, 2, 15, 7, '2026-02-19', '13:30:00', '17:30:00', 'PRESENCIAL'),
(1963, 2, 15, 7, '2026-02-20', '13:30:00', '17:30:00', 'PRESENCIAL'),
(1964, 2, 15, 7, '2026-02-23', '13:30:00', '17:30:00', 'PRESENCIAL'),
(1965, 2, 15, 7, '2026-02-24', '13:30:00', '17:30:00', 'PRESENCIAL'),
(1966, 2, 16, 7, '2026-02-25', '13:30:00', '17:30:00', 'PRESENCIAL'),
(1967, 2, 16, 7, '2026-02-26', '13:30:00', '17:30:00', 'PRESENCIAL'),
(1968, 2, 16, 7, '2026-02-27', '13:30:00', '17:30:00', 'PRESENCIAL'),
(1969, 2, 16, 7, '2026-03-02', '13:30:00', '17:30:00', 'PRESENCIAL'),
(1970, 2, 16, 7, '2026-03-03', '13:30:00', '17:30:00', 'PRESENCIAL'),
(1971, 2, 17, 2, '2026-03-04', '13:30:00', '17:30:00', 'PRESENCIAL'),
(1972, 2, 17, 2, '2026-03-05', '13:30:00', '17:30:00', 'PRESENCIAL'),
(1973, 2, 17, 2, '2026-03-06', '13:30:00', '17:30:00', 'PRESENCIAL'),
(1974, 2, 17, 2, '2026-03-09', '13:30:00', '17:30:00', 'PRESENCIAL'),
(1975, 2, 17, 2, '2026-03-10', '13:30:00', '17:30:00', 'PRESENCIAL'),
(1976, 2, 18, 7, '2026-03-11', '13:30:00', '17:30:00', 'PRESENCIAL'),
(1977, 2, 18, 7, '2026-03-12', '13:30:00', '17:30:00', 'PRESENCIAL'),
(1978, 2, 18, 7, '2026-03-13', '13:30:00', '17:30:00', 'PRESENCIAL'),
(1979, 2, 18, 7, '2026-03-16', '13:30:00', '17:30:00', 'PRESENCIAL'),
(1980, 2, 18, 7, '2026-03-17', '13:30:00', '17:30:00', 'PRESENCIAL'),
(1981, 2, 19, 4, '2026-03-18', '13:30:00', '17:30:00', 'PRESENCIAL'),
(1982, 2, 19, 4, '2026-03-19', '13:30:00', '17:30:00', 'PRESENCIAL'),
(1983, 2, 19, 4, '2026-03-20', '13:30:00', '17:30:00', 'PRESENCIAL'),
(1984, 2, 19, 4, '2026-03-23', '13:30:00', '17:30:00', 'PRESENCIAL'),
(1985, 2, 19, 4, '2026-03-24', '13:30:00', '17:30:00', 'PRESENCIAL'),
(1986, 2, 19, 4, '2026-03-25', '13:30:00', '17:30:00', 'PRESENCIAL'),
(1987, 2, 19, 4, '2026-03-26', '13:30:00', '17:30:00', 'PRESENCIAL'),
(1988, 2, 19, 4, '2026-03-27', '13:30:00', '17:30:00', 'PRESENCIAL'),
(1989, 2, 19, 4, '2026-03-30', '13:30:00', '17:30:00', 'PRESENCIAL'),
(1990, 2, 19, 4, '2026-03-31', '13:30:00', '17:30:00', 'PRESENCIAL'),
(1991, 2, 19, 4, '2026-04-01', '13:30:00', '17:30:00', 'PRESENCIAL'),
(1992, 2, 19, 4, '2026-04-02', '13:30:00', '17:30:00', 'PRESENCIAL'),
(1993, 2, 19, 4, '2026-04-06', '13:30:00', '17:30:00', 'PRESENCIAL'),
(1994, 2, 19, 4, '2026-04-07', '13:30:00', '17:30:00', 'PRESENCIAL'),
(1995, 2, 19, 4, '2026-04-08', '13:30:00', '17:30:00', 'PRESENCIAL'),
(1996, 2, 19, 4, '2026-04-09', '13:30:00', '17:30:00', 'PRESENCIAL'),
(1997, 2, 19, 4, '2026-04-10', '13:30:00', '17:30:00', 'PRESENCIAL'),
(1998, 2, 19, 4, '2026-04-13', '13:30:00', '17:30:00', 'PRESENCIAL'),
(1999, 2, 19, 4, '2026-04-14', '13:30:00', '17:30:00', 'PRESENCIAL'),
(2000, 2, 19, 4, '2026-04-15', '13:30:00', '17:30:00', 'PRESENCIAL'),
(2001, 2, 20, 4, '2026-04-16', '13:30:00', '17:30:00', 'PRESENCIAL'),
(2002, 2, 20, 4, '2026-04-17', '13:30:00', '17:30:00', 'PRESENCIAL'),
(2003, 2, 20, 4, '2026-04-20', '13:30:00', '17:30:00', 'PRESENCIAL'),
(2004, 2, 20, 4, '2026-04-22', '13:30:00', '17:30:00', 'PRESENCIAL'),
(2005, 2, 20, 4, '2026-04-23', '13:30:00', '17:30:00', 'PRESENCIAL'),
(2006, 2, 20, 4, '2026-04-24', '13:30:00', '17:30:00', 'PRESENCIAL'),
(2007, 2, 20, 4, '2026-04-27', '13:30:00', '17:30:00', 'PRESENCIAL'),
(2008, 2, 20, 4, '2026-04-28', '13:30:00', '17:30:00', 'PRESENCIAL'),
(2009, 2, 20, 4, '2026-04-29', '13:30:00', '17:30:00', 'PRESENCIAL'),
(2010, 2, 20, 4, '2026-04-30', '13:30:00', '17:30:00', 'PRESENCIAL'),
(2011, 2, 20, 4, '2026-05-04', '13:30:00', '17:30:00', 'PRESENCIAL'),
(2012, 2, 20, 4, '2026-05-05', '13:30:00', '17:30:00', 'PRESENCIAL'),
(2013, 2, 20, 4, '2026-05-06', '13:30:00', '17:30:00', 'PRESENCIAL'),
(2014, 2, 20, 4, '2026-05-07', '13:30:00', '17:30:00', 'PRESENCIAL'),
(2015, 2, 20, 4, '2026-05-08', '13:30:00', '17:30:00', 'PRESENCIAL'),
(2016, 2, 20, 4, '2026-05-11', '13:30:00', '17:30:00', 'PRESENCIAL'),
(2017, 2, 20, 4, '2026-05-12', '13:30:00', '17:30:00', 'PRESENCIAL'),
(2018, 2, 20, 4, '2026-05-13', '13:30:00', '17:30:00', 'PRESENCIAL'),
(2019, 2, 20, 4, '2026-05-14', '13:30:00', '17:30:00', 'PRESENCIAL'),
(2020, 2, 20, 4, '2026-05-15', '13:30:00', '17:30:00', 'PRESENCIAL'),
(2021, 2, 21, 4, '2026-05-18', '13:30:00', '17:30:00', 'PRESENCIAL'),
(2022, 2, 21, 4, '2026-05-19', '13:30:00', '17:30:00', 'PRESENCIAL'),
(2023, 2, 21, 4, '2026-05-20', '13:30:00', '17:30:00', 'PRESENCIAL'),
(2024, 2, 21, 4, '2026-05-21', '13:30:00', '17:30:00', 'PRESENCIAL'),
(2025, 2, 21, 4, '2026-05-22', '13:30:00', '17:30:00', 'PRESENCIAL'),
(2026, 2, 21, 4, '2026-05-25', '13:30:00', '17:30:00', 'PRESENCIAL'),
(2027, 2, 21, 4, '2026-05-26', '13:30:00', '17:30:00', 'PRESENCIAL'),
(2028, 2, 21, 4, '2026-05-27', '13:30:00', '17:30:00', 'PRESENCIAL'),
(2029, 2, 21, 4, '2026-05-28', '13:30:00', '17:30:00', 'PRESENCIAL'),
(2030, 2, 21, 4, '2026-05-29', '13:30:00', '17:30:00', 'PRESENCIAL'),
(2031, 2, 21, 4, '2026-06-01', '13:30:00', '17:30:00', 'PRESENCIAL'),
(2032, 2, 21, 4, '2026-06-02', '13:30:00', '17:30:00', 'PRESENCIAL'),
(2033, 2, 21, 4, '2026-06-03', '13:30:00', '17:30:00', 'PRESENCIAL'),
(2034, 2, 21, 4, '2026-06-05', '13:30:00', '17:30:00', 'PRESENCIAL'),
(2035, 2, 21, 4, '2026-06-08', '13:30:00', '17:30:00', 'PRESENCIAL'),
(2036, 2, 21, 4, '2026-06-09', '13:30:00', '17:30:00', 'PRESENCIAL'),
(2037, 2, 21, 4, '2026-06-10', '13:30:00', '17:30:00', 'PRESENCIAL'),
(2038, 2, 21, 4, '2026-06-11', '13:30:00', '17:30:00', 'PRESENCIAL'),
(2039, 2, 21, 4, '2026-06-12', '13:30:00', '17:30:00', 'PRESENCIAL'),
(2040, 2, 21, 4, '2026-06-15', '13:30:00', '17:30:00', 'PRESENCIAL'),
(2041, 2, 22, 5, '2026-06-16', '13:30:00', '17:30:00', 'PRESENCIAL'),
(2042, 2, 22, 5, '2026-06-17', '13:30:00', '17:30:00', 'PRESENCIAL'),
(2043, 2, 22, 5, '2026-06-18', '13:30:00', '17:30:00', 'PRESENCIAL'),
(2044, 2, 22, 5, '2026-06-19', '13:30:00', '17:30:00', 'PRESENCIAL'),
(2045, 2, 22, 5, '2026-06-22', '13:30:00', '17:30:00', 'PRESENCIAL'),
(2046, 2, 22, 5, '2026-06-23', '13:30:00', '17:30:00', 'PRESENCIAL'),
(2047, 2, 22, 5, '2026-06-24', '13:30:00', '17:30:00', 'PRESENCIAL'),
(2048, 2, 22, 5, '2026-06-25', '13:30:00', '17:30:00', 'PRESENCIAL'),
(2049, 2, 22, 5, '2026-06-26', '13:30:00', '17:30:00', 'PRESENCIAL'),
(2050, 2, 22, 5, '2026-06-29', '13:30:00', '17:30:00', 'PRESENCIAL'),
(2051, 2, 22, 5, '2026-06-30', '13:30:00', '17:30:00', 'PRESENCIAL'),
(2052, 2, 22, 5, '2026-07-01', '13:30:00', '17:30:00', 'PRESENCIAL'),
(2053, 2, 22, 5, '2026-07-02', '13:30:00', '17:30:00', 'PRESENCIAL'),
(2054, 2, 22, 5, '2026-07-03', '13:30:00', '17:30:00', 'PRESENCIAL'),
(2055, 2, 22, 5, '2026-07-06', '13:30:00', '17:30:00', 'PRESENCIAL'),
(2056, 2, 22, 5, '2026-07-07', '13:30:00', '17:30:00', 'PRESENCIAL'),
(2057, 2, 22, 5, '2026-07-08', '13:30:00', '17:30:00', 'PRESENCIAL'),
(2058, 2, 22, 5, '2026-07-09', '13:30:00', '17:30:00', 'PRESENCIAL'),
(2059, 2, 22, 5, '2026-07-10', '13:30:00', '17:30:00', 'PRESENCIAL'),
(2060, 2, 22, 5, '2026-07-13', '13:30:00', '17:30:00', 'PRESENCIAL'),
(2061, 2, 23, 9, '2026-07-14', '13:30:00', '17:30:00', 'PRESENCIAL'),
(2062, 2, 23, 9, '2026-07-15', '13:30:00', '17:30:00', 'PRESENCIAL'),
(2063, 2, 23, 9, '2026-07-16', '13:30:00', '17:30:00', 'PRESENCIAL'),
(2064, 2, 23, 9, '2026-07-17', '13:30:00', '17:30:00', 'PRESENCIAL'),
(2065, 2, 23, 9, '2026-07-20', '13:30:00', '17:30:00', 'PRESENCIAL'),
(2066, 2, 23, 9, '2026-07-21', '13:30:00', '17:30:00', 'PRESENCIAL'),
(2067, 2, 23, 9, '2026-07-22', '13:30:00', '17:30:00', 'PRESENCIAL'),
(2068, 2, 23, 9, '2026-07-23', '13:30:00', '17:30:00', 'PRESENCIAL'),
(2069, 2, 23, 9, '2026-07-24', '13:30:00', '17:30:00', 'PRESENCIAL'),
(2070, 2, 23, 9, '2026-07-27', '13:30:00', '17:30:00', 'PRESENCIAL'),
(2071, 2, 23, 9, '2026-07-28', '13:30:00', '17:30:00', 'PRESENCIAL'),
(2072, 2, 23, 9, '2026-07-29', '13:30:00', '17:30:00', 'PRESENCIAL'),
(2073, 2, 23, 9, '2026-07-30', '13:30:00', '17:30:00', 'PRESENCIAL'),
(2074, 2, 23, 9, '2026-07-31', '13:30:00', '17:30:00', 'PRESENCIAL'),
(2075, 2, 23, 9, '2026-08-03', '13:30:00', '17:30:00', 'PRESENCIAL'),
(2076, 2, 23, 9, '2026-08-04', '13:30:00', '17:30:00', 'PRESENCIAL'),
(2077, 2, 23, 9, '2026-08-05', '13:30:00', '17:30:00', 'PRESENCIAL'),
(2078, 2, 23, 9, '2026-08-06', '13:30:00', '17:30:00', 'PRESENCIAL'),
(2079, 2, 23, 9, '2026-08-07', '13:30:00', '17:30:00', 'PRESENCIAL'),
(2080, 2, 23, 9, '2026-08-10', '13:30:00', '17:30:00', 'PRESENCIAL'),
(2081, 2, 24, 9, '2026-08-11', '13:30:00', '17:30:00', 'PRESENCIAL'),
(2082, 2, 24, 9, '2026-08-12', '13:30:00', '17:30:00', 'PRESENCIAL'),
(2083, 2, 24, 9, '2026-08-13', '13:30:00', '17:30:00', 'PRESENCIAL'),
(2084, 2, 24, 9, '2026-08-14', '13:30:00', '17:30:00', 'PRESENCIAL'),
(2085, 2, 24, 9, '2026-08-17', '13:30:00', '17:30:00', 'PRESENCIAL'),
(2086, 2, 24, 9, '2026-08-18', '13:30:00', '17:30:00', 'PRESENCIAL'),
(2087, 2, 24, 9, '2026-08-19', '13:30:00', '17:30:00', 'PRESENCIAL'),
(2088, 2, 24, 9, '2026-08-20', '13:30:00', '17:30:00', 'PRESENCIAL'),
(2089, 2, 24, 9, '2026-08-21', '13:30:00', '17:30:00', 'PRESENCIAL'),
(2090, 2, 24, 9, '2026-08-24', '13:30:00', '17:30:00', 'PRESENCIAL'),
(2091, 2, 24, 9, '2026-08-25', '13:30:00', '17:30:00', 'PRESENCIAL'),
(2092, 2, 24, 9, '2026-08-26', '13:30:00', '17:30:00', 'PRESENCIAL'),
(2093, 2, 24, 9, '2026-08-27', '13:30:00', '17:30:00', 'PRESENCIAL'),
(2094, 2, 24, 9, '2026-08-28', '13:30:00', '17:30:00', 'PRESENCIAL'),
(2095, 2, 24, 9, '2026-08-31', '13:30:00', '17:30:00', 'PRESENCIAL'),
(2096, 2, 24, 9, '2026-09-01', '13:30:00', '17:30:00', 'PRESENCIAL'),
(2097, 2, 24, 9, '2026-09-02', '13:30:00', '17:30:00', 'PRESENCIAL'),
(2098, 2, 24, 9, '2026-09-03', '13:30:00', '17:30:00', 'PRESENCIAL'),
(2099, 2, 24, 9, '2026-09-04', '13:30:00', '17:30:00', 'PRESENCIAL'),
(2100, 2, 24, 9, '2026-09-08', '13:30:00', '17:30:00', 'PRESENCIAL'),
(2401, 1, 1, 7, '2026-02-02', '13:30:00', '17:30:00', 'AVA'),
(2402, 1, 1, 7, '2026-02-03', '13:30:00', '17:30:00', 'PRESENCIAL'),
(2403, 1, 1, 7, '2026-02-04', '13:30:00', '17:30:00', 'PRESENCIAL'),
(2404, 1, 1, 7, '2026-02-05', '13:30:00', '17:30:00', 'PRESENCIAL'),
(2405, 1, 1, 7, '2026-02-06', '13:30:00', '17:30:00', 'PRESENCIAL'),
(2406, 1, 2, 2, '2026-02-09', '13:30:00', '17:30:00', 'PRESENCIAL'),
(2407, 1, 2, 2, '2026-02-10', '13:30:00', '17:30:00', 'PRESENCIAL'),
(2408, 1, 2, 2, '2026-02-11', '13:30:00', '17:30:00', 'PRESENCIAL'),
(2409, 1, 2, 2, '2026-02-12', '13:30:00', '17:30:00', 'PRESENCIAL'),
(2410, 1, 2, 2, '2026-02-13', '13:30:00', '17:30:00', 'PRESENCIAL'),
(2411, 1, 3, 2, '2026-02-18', '13:30:00', '17:30:00', 'PRESENCIAL'),
(2412, 1, 3, 2, '2026-02-19', '13:30:00', '17:30:00', 'PRESENCIAL'),
(2413, 1, 3, 2, '2026-02-20', '13:30:00', '17:30:00', 'PRESENCIAL'),
(2414, 1, 3, 2, '2026-02-23', '13:30:00', '17:30:00', 'PRESENCIAL'),
(2415, 1, 3, 2, '2026-02-24', '13:30:00', '17:30:00', 'PRESENCIAL'),
(2416, 1, 4, 7, '2026-02-25', '13:30:00', '17:30:00', 'PRESENCIAL'),
(2417, 1, 4, 7, '2026-02-26', '13:30:00', '17:30:00', 'PRESENCIAL'),
(2418, 1, 4, 7, '2026-02-27', '13:30:00', '17:30:00', 'PRESENCIAL'),
(2419, 1, 4, 7, '2026-03-02', '13:30:00', '17:30:00', 'PRESENCIAL'),
(2420, 1, 4, 7, '2026-03-03', '13:30:00', '17:30:00', 'PRESENCIAL'),
(2421, 1, 5, 5, '2026-03-04', '13:30:00', '17:30:00', 'PRESENCIAL'),
(2422, 1, 5, 5, '2026-03-05', '13:30:00', '17:30:00', 'PRESENCIAL'),
(2423, 1, 5, 5, '2026-03-06', '13:30:00', '17:30:00', 'PRESENCIAL'),
(2424, 1, 5, 5, '2026-03-09', '13:30:00', '17:30:00', 'PRESENCIAL'),
(2425, 1, 5, 5, '2026-03-10', '13:30:00', '17:30:00', 'PRESENCIAL'),
(2426, 1, 6, 2, '2026-03-11', '13:30:00', '17:30:00', 'PRESENCIAL'),
(2427, 1, 6, 2, '2026-03-12', '13:30:00', '17:30:00', 'PRESENCIAL'),
(2428, 1, 6, 2, '2026-03-13', '13:30:00', '17:30:00', 'PRESENCIAL'),
(2429, 1, 6, 2, '2026-03-16', '13:30:00', '17:30:00', 'PRESENCIAL'),
(2430, 1, 6, 2, '2026-03-17', '13:30:00', '17:30:00', 'PRESENCIAL'),
(2431, 1, 7, 9, '2026-03-18', '13:30:00', '17:30:00', 'PRESENCIAL'),
(2432, 1, 7, 9, '2026-03-19', '13:30:00', '17:30:00', 'PRESENCIAL'),
(2433, 1, 7, 9, '2026-03-20', '13:30:00', '17:30:00', 'PRESENCIAL'),
(2434, 1, 7, 9, '2026-03-23', '13:30:00', '17:30:00', 'PRESENCIAL'),
(2435, 1, 7, 9, '2026-03-24', '13:30:00', '17:30:00', 'PRESENCIAL'),
(2436, 1, 7, 9, '2026-03-25', '13:30:00', '17:30:00', 'PRESENCIAL'),
(2437, 1, 7, 9, '2026-03-26', '13:30:00', '17:30:00', 'PRESENCIAL'),
(2438, 1, 7, 9, '2026-03-27', '13:30:00', '17:30:00', 'PRESENCIAL'),
(2439, 1, 7, 9, '2026-03-30', '13:30:00', '17:30:00', 'PRESENCIAL'),
(2440, 1, 7, 9, '2026-03-31', '13:30:00', '17:30:00', 'PRESENCIAL'),
(2441, 1, 7, 9, '2026-04-01', '13:30:00', '17:30:00', 'PRESENCIAL'),
(2442, 1, 7, 9, '2026-04-02', '13:30:00', '17:30:00', 'PRESENCIAL'),
(2443, 1, 7, 9, '2026-04-06', '13:30:00', '17:30:00', 'PRESENCIAL'),
(2444, 1, 7, 9, '2026-04-07', '13:30:00', '17:30:00', 'PRESENCIAL'),
(2445, 1, 7, 9, '2026-04-08', '13:30:00', '17:30:00', 'PRESENCIAL'),
(2446, 1, 7, 9, '2026-04-09', '13:30:00', '17:30:00', 'PRESENCIAL'),
(2447, 1, 7, 9, '2026-04-10', '13:30:00', '17:30:00', 'PRESENCIAL'),
(2448, 1, 7, 9, '2026-04-13', '13:30:00', '17:30:00', 'PRESENCIAL'),
(2449, 1, 7, 9, '2026-04-14', '13:30:00', '17:30:00', 'PRESENCIAL'),
(2450, 1, 7, 9, '2026-04-15', '13:30:00', '17:30:00', 'PRESENCIAL'),
(2451, 1, 8, 2, '2026-04-16', '13:30:00', '17:30:00', 'PRESENCIAL'),
(2452, 1, 8, 2, '2026-04-17', '13:30:00', '17:30:00', 'PRESENCIAL'),
(2453, 1, 8, 2, '2026-04-20', '13:30:00', '17:30:00', 'PRESENCIAL'),
(2454, 1, 8, 2, '2026-04-22', '13:30:00', '17:30:00', 'PRESENCIAL'),
(2455, 1, 8, 2, '2026-04-23', '13:30:00', '17:30:00', 'PRESENCIAL'),
(2456, 1, 8, 2, '2026-04-24', '13:30:00', '17:30:00', 'PRESENCIAL'),
(2457, 1, 8, 2, '2026-04-27', '13:30:00', '17:30:00', 'PRESENCIAL'),
(2458, 1, 8, 2, '2026-04-28', '13:30:00', '17:30:00', 'PRESENCIAL'),
(2459, 1, 8, 2, '2026-04-29', '13:30:00', '17:30:00', 'PRESENCIAL'),
(2460, 1, 8, 2, '2026-04-30', '13:30:00', '17:30:00', 'PRESENCIAL'),
(2461, 1, 8, 2, '2026-05-04', '13:30:00', '17:30:00', 'PRESENCIAL'),
(2462, 1, 8, 2, '2026-05-05', '13:30:00', '17:30:00', 'PRESENCIAL'),
(2463, 1, 8, 2, '2026-05-06', '13:30:00', '17:30:00', 'PRESENCIAL'),
(2464, 1, 8, 2, '2026-05-07', '13:30:00', '17:30:00', 'PRESENCIAL'),
(2465, 1, 8, 2, '2026-05-08', '13:30:00', '17:30:00', 'PRESENCIAL'),
(2466, 1, 8, 2, '2026-05-11', '13:30:00', '17:30:00', 'PRESENCIAL'),
(2467, 1, 8, 2, '2026-05-12', '13:30:00', '17:30:00', 'PRESENCIAL'),
(2468, 1, 8, 2, '2026-05-13', '13:30:00', '17:30:00', 'PRESENCIAL'),
(2469, 1, 8, 2, '2026-05-14', '13:30:00', '17:30:00', 'PRESENCIAL'),
(2470, 1, 8, 2, '2026-05-15', '13:30:00', '17:30:00', 'PRESENCIAL'),
(2471, 1, 9, 5, '2026-05-18', '13:30:00', '17:30:00', 'PRESENCIAL'),
(2472, 1, 9, 5, '2026-05-19', '13:30:00', '17:30:00', 'PRESENCIAL'),
(2473, 1, 9, 5, '2026-05-20', '13:30:00', '17:30:00', 'PRESENCIAL'),
(2474, 1, 9, 5, '2026-05-21', '13:30:00', '17:30:00', 'PRESENCIAL'),
(2475, 1, 9, 5, '2026-05-22', '13:30:00', '17:30:00', 'PRESENCIAL'),
(2476, 1, 9, 5, '2026-05-25', '13:30:00', '17:30:00', 'PRESENCIAL'),
(2477, 1, 9, 5, '2026-05-26', '13:30:00', '17:30:00', 'PRESENCIAL'),
(2478, 1, 9, 5, '2026-05-27', '13:30:00', '17:30:00', 'PRESENCIAL'),
(2479, 1, 9, 5, '2026-05-28', '13:30:00', '17:30:00', 'PRESENCIAL'),
(2480, 1, 9, 5, '2026-05-29', '13:30:00', '17:30:00', 'PRESENCIAL'),
(2481, 1, 9, 5, '2026-06-01', '13:30:00', '17:30:00', 'PRESENCIAL'),
(2482, 1, 9, 5, '2026-06-02', '13:30:00', '17:30:00', 'PRESENCIAL'),
(2483, 1, 9, 5, '2026-06-03', '13:30:00', '17:30:00', 'PRESENCIAL'),
(2484, 1, 9, 5, '2026-06-05', '13:30:00', '17:30:00', 'PRESENCIAL'),
(2485, 1, 9, 5, '2026-06-08', '13:30:00', '17:30:00', 'PRESENCIAL'),
(2486, 1, 9, 5, '2026-06-09', '13:30:00', '17:30:00', 'PRESENCIAL'),
(2487, 1, 9, 5, '2026-06-10', '13:30:00', '17:30:00', 'PRESENCIAL'),
(2488, 1, 9, 5, '2026-06-11', '13:30:00', '17:30:00', 'PRESENCIAL'),
(2489, 1, 9, 5, '2026-06-12', '13:30:00', '17:30:00', 'PRESENCIAL'),
(2490, 1, 9, 5, '2026-06-15', '13:30:00', '17:30:00', 'PRESENCIAL'),
(2491, 1, 10, 5, '2026-06-16', '13:30:00', '17:30:00', 'PRESENCIAL'),
(2492, 1, 10, 5, '2026-06-17', '13:30:00', '17:30:00', 'PRESENCIAL'),
(2493, 1, 10, 5, '2026-06-18', '13:30:00', '17:30:00', 'PRESENCIAL'),
(2494, 1, 10, 5, '2026-06-19', '13:30:00', '17:30:00', 'PRESENCIAL'),
(2495, 1, 10, 5, '2026-06-22', '13:30:00', '17:30:00', 'PRESENCIAL'),
(2496, 1, 10, 5, '2026-06-23', '13:30:00', '17:30:00', 'PRESENCIAL'),
(2497, 1, 10, 5, '2026-06-24', '13:30:00', '17:30:00', 'PRESENCIAL'),
(2498, 1, 10, 5, '2026-06-25', '13:30:00', '17:30:00', 'PRESENCIAL'),
(2499, 1, 10, 5, '2026-06-26', '13:30:00', '17:30:00', 'PRESENCIAL'),
(2500, 1, 10, 5, '2026-06-29', '13:30:00', '17:30:00', 'PRESENCIAL'),
(2501, 1, 10, 5, '2026-06-30', '13:30:00', '17:30:00', 'PRESENCIAL'),
(2502, 1, 10, 5, '2026-07-01', '13:30:00', '17:30:00', 'PRESENCIAL'),
(2503, 1, 10, 5, '2026-07-02', '13:30:00', '17:30:00', 'PRESENCIAL'),
(2504, 1, 10, 5, '2026-07-03', '13:30:00', '17:30:00', 'PRESENCIAL'),
(2505, 1, 10, 5, '2026-07-06', '13:30:00', '17:30:00', 'PRESENCIAL'),
(2506, 1, 10, 5, '2026-07-07', '13:30:00', '17:30:00', 'PRESENCIAL'),
(2507, 1, 10, 5, '2026-07-08', '13:30:00', '17:30:00', 'PRESENCIAL'),
(2508, 1, 10, 5, '2026-07-09', '13:30:00', '17:30:00', 'PRESENCIAL'),
(2509, 1, 10, 5, '2026-07-10', '13:30:00', '17:30:00', 'PRESENCIAL'),
(2510, 1, 10, 5, '2026-07-13', '13:30:00', '17:30:00', 'PRESENCIAL'),
(2511, 1, 11, 4, '2026-07-14', '13:30:00', '17:30:00', 'PRESENCIAL'),
(2512, 1, 11, 4, '2026-07-15', '13:30:00', '17:30:00', 'PRESENCIAL'),
(2513, 1, 11, 4, '2026-07-16', '13:30:00', '17:30:00', 'PRESENCIAL'),
(2514, 1, 11, 4, '2026-07-17', '13:30:00', '17:30:00', 'PRESENCIAL'),
(2515, 1, 11, 4, '2026-07-20', '13:30:00', '17:30:00', 'PRESENCIAL'),
(2516, 1, 11, 4, '2026-07-21', '13:30:00', '17:30:00', 'PRESENCIAL'),
(2517, 1, 11, 4, '2026-07-22', '13:30:00', '17:30:00', 'PRESENCIAL'),
(2518, 1, 11, 4, '2026-07-23', '13:30:00', '17:30:00', 'PRESENCIAL'),
(2519, 1, 11, 4, '2026-07-24', '13:30:00', '17:30:00', 'PRESENCIAL'),
(2520, 1, 11, 4, '2026-07-27', '13:30:00', '17:30:00', 'PRESENCIAL'),
(2521, 1, 11, 4, '2026-07-28', '13:30:00', '17:30:00', 'PRESENCIAL'),
(2522, 1, 11, 4, '2026-07-29', '13:30:00', '17:30:00', 'PRESENCIAL'),
(2523, 1, 11, 4, '2026-07-30', '13:30:00', '17:30:00', 'PRESENCIAL'),
(2524, 1, 11, 4, '2026-07-31', '13:30:00', '17:30:00', 'PRESENCIAL'),
(2525, 1, 11, 4, '2026-08-03', '13:30:00', '17:30:00', 'PRESENCIAL'),
(2526, 1, 11, 4, '2026-08-04', '13:30:00', '17:30:00', 'PRESENCIAL'),
(2527, 1, 11, 4, '2026-08-05', '13:30:00', '17:30:00', 'PRESENCIAL'),
(2528, 1, 11, 4, '2026-08-06', '13:30:00', '17:30:00', 'PRESENCIAL'),
(2529, 1, 11, 4, '2026-08-07', '13:30:00', '17:30:00', 'PRESENCIAL'),
(2530, 1, 11, 4, '2026-08-10', '13:30:00', '17:30:00', 'PRESENCIAL'),
(2531, 1, 12, 7, '2026-08-11', '13:30:00', '17:30:00', 'PRESENCIAL'),
(2532, 1, 12, 7, '2026-08-12', '13:30:00', '17:30:00', 'PRESENCIAL'),
(2533, 1, 12, 7, '2026-08-13', '13:30:00', '17:30:00', 'PRESENCIAL'),
(2534, 1, 12, 7, '2026-08-14', '13:30:00', '17:30:00', 'PRESENCIAL'),
(2535, 1, 12, 7, '2026-08-17', '13:30:00', '17:30:00', 'PRESENCIAL'),
(2536, 1, 12, 7, '2026-08-18', '13:30:00', '17:30:00', 'PRESENCIAL'),
(2537, 1, 12, 7, '2026-08-19', '13:30:00', '17:30:00', 'PRESENCIAL'),
(2538, 1, 12, 7, '2026-08-20', '13:30:00', '17:30:00', 'PRESENCIAL'),
(2539, 1, 12, 7, '2026-08-21', '13:30:00', '17:30:00', 'PRESENCIAL'),
(2540, 1, 12, 7, '2026-08-24', '13:30:00', '17:30:00', 'PRESENCIAL'),
(2541, 1, 12, 7, '2026-08-25', '13:30:00', '17:30:00', 'PRESENCIAL'),
(2542, 1, 12, 7, '2026-08-26', '13:30:00', '17:30:00', 'PRESENCIAL'),
(2543, 1, 12, 7, '2026-08-27', '13:30:00', '17:30:00', 'PRESENCIAL'),
(2544, 1, 12, 7, '2026-08-28', '13:30:00', '17:30:00', 'PRESENCIAL'),
(2545, 1, 12, 7, '2026-08-31', '13:30:00', '17:30:00', 'PRESENCIAL'),
(2546, 1, 12, 7, '2026-09-01', '13:30:00', '17:30:00', 'PRESENCIAL'),
(2547, 1, 12, 7, '2026-09-02', '13:30:00', '17:30:00', 'PRESENCIAL'),
(2548, 1, 12, 7, '2026-09-03', '13:30:00', '17:30:00', 'PRESENCIAL'),
(2549, 1, 12, 7, '2026-09-04', '13:30:00', '17:30:00', 'PRESENCIAL'),
(2550, 1, 12, 7, '2026-09-08', '13:30:00', '17:30:00', 'PRESENCIAL'),
(2556, 3, 25, 1, '2025-11-03', '13:30:00', '17:30:00', 'PRESENCIAL'),
(2557, 3, 25, 1, '2025-11-04', '13:30:00', '17:30:00', 'PRESENCIAL'),
(2558, 3, 25, 1, '2025-11-05', '13:30:00', '17:30:00', 'PRESENCIAL'),
(2559, 3, 25, 1, '2025-11-06', '13:30:00', '17:30:00', 'PRESENCIAL'),
(2560, 3, 25, 1, '2025-11-07', '13:30:00', '17:30:00', 'PRESENCIAL');

-- --------------------------------------------------------

--
-- Table structure for table `cursos`
--

CREATE TABLE `cursos` (
  `id` int(11) NOT NULL,
  `nome` varchar(100) NOT NULL,
  `cod_curso` varchar(30) DEFAULT NULL,
  `cod_turma` varchar(50) DEFAULT NULL,
  `cod_matriz` varchar(30) DEFAULT NULL,
  `carga_horaria_total` int(11) NOT NULL,
  `data_inicio` date NOT NULL,
  `data_fim` date NOT NULL,
  `turno` enum('Matutino','Vespertino','Noturno') NOT NULL,
  `ano_letivo` int(11) NOT NULL,
  `horas_por_dia` decimal(4,2) NOT NULL,
  `dias_aula` varchar(20) NOT NULL,
  `modalidade` varchar(30) DEFAULT 'NORMAL',
  `eh_turma_base` tinyint(1) DEFAULT 0,
  `tipo` enum('Tecnico','Aprendizagem','Livre') DEFAULT 'Tecnico'
) ENGINE=InnoDB DEFAULT CHARSET=utf8mb4 COLLATE=utf8mb4_unicode_ci;

--
-- Dumping data for table `cursos`
--

INSERT INTO `cursos` (`id`, `nome`, `cod_curso`, `cod_turma`, `cod_matriz`, `carga_horaria_total`, `data_inicio`, `data_fim`, `turno`, `ano_letivo`, `horas_por_dia`, `dias_aula`, `modalidade`, `eh_turma_base`, `tipo`) VALUES
(1, 'Aprendizagem – Assistente Administrativo', 'APR-ADM-TRILHA', '', '', 600, '2026-02-02', '2026-09-08', 'Vespertino', 2026, 4.00, 'SEG,TER,QUA,QUI,SEX', 'NORMAL', 0, 'Tecnico'),
(2, 'Aprendizagem – Auxiliar de Linha de Produção', 'APR-PROD-TRILHA', '', '', 600, '2026-02-02', '2026-09-08', 'Vespertino', 2026, 4.00, 'SEG,TER,QUA,QUI,SEX', 'NORMAL', 0, 'Aprendizagem'),
(3, 'Curso teste', '321', '321', '321', 60, '2025-11-01', '2025-11-21', 'Vespertino', 2025, 4.00, 'SEG,TER,QUA,QUI,SEX', 'NORMAL', 0, 'Livre');

-- --------------------------------------------------------

--
-- Table structure for table `eventos_professores`
--

CREATE TABLE `eventos_professores` (
  `id` int(11) NOT NULL,
  `professor_id` int(11) NOT NULL,
  `curso_id` int(11) DEFAULT NULL,
  `uc_id` int(11) DEFAULT NULL,
  `tipo` enum('AULA','FOLGA','AUSENTE','SUBSTITUICAO') NOT NULL DEFAULT 'AULA',
  `data` date NOT NULL,
  `turno` enum('Manhã','Tarde','Noite') NOT NULL,
  `substituto_id` int(11) DEFAULT NULL,
  `observacao` varchar(255) DEFAULT NULL
) ENGINE=InnoDB DEFAULT CHARSET=utf8mb4 COLLATE=utf8mb4_general_ci;

-- --------------------------------------------------------

--
-- Table structure for table `feriados`
--

CREATE TABLE `feriados` (
  `id` int(11) NOT NULL,
  `data` date NOT NULL,
  `descricao` varchar(100) NOT NULL,
  `tipo` enum('FERIADO','RECESSO','FERIAS') DEFAULT 'FERIADO'
) ENGINE=InnoDB DEFAULT CHARSET=utf8mb4 COLLATE=utf8mb4_general_ci;

--
-- Dumping data for table `feriados`
--

INSERT INTO `feriados` (`id`, `data`, `descricao`, `tipo`) VALUES
(1, '2026-01-01', 'Confraternização Universal', 'FERIADO'),
(2, '2026-02-16', 'Carnaval', 'FERIADO'),
(3, '2026-02-17', 'Carnaval', 'FERIADO'),
(4, '2026-04-03', 'Sexta-feira Santa', 'FERIADO'),
(5, '2026-04-05', 'Páscoa', 'FERIADO'),
(6, '2026-04-21', 'Tiradentes', 'FERIADO'),
(7, '2026-05-01', 'Dia do Trabalho', 'FERIADO'),
(8, '2026-06-04', 'Corpus Christi', 'FERIADO'),
(9, '2026-09-07', 'Independência do Brasil', 'FERIADO'),
(10, '2026-10-12', 'Nossa Senhora Aparecida', 'FERIADO'),
(11, '2026-11-02', 'Finados', 'FERIADO'),
(12, '2026-11-15', 'Proclamação da República', 'FERIADO'),
(13, '2026-12-25', 'Natal', 'FERIADO'),
(14, '2027-01-01', 'Confraternização Universal', 'FERIADO'),
(15, '2027-02-08', 'Carnaval', 'FERIADO'),
(16, '2027-02-09', 'Carnaval', 'FERIADO'),
(17, '2027-03-26', 'Sexta-feira Santa', 'FERIADO'),
(18, '2027-03-28', 'Páscoa', 'FERIADO'),
(19, '2027-04-21', 'Tiradentes', 'FERIADO'),
(20, '2027-05-01', 'Dia do Trabalho', 'FERIADO'),
(21, '2027-05-27', 'Corpus Christi', 'FERIADO'),
(22, '2027-09-07', 'Independência do Brasil', 'FERIADO'),
(23, '2027-10-12', 'Nossa Senhora Aparecida', 'FERIADO'),
(24, '2027-11-02', 'Finados', 'FERIADO'),
(25, '2027-11-15', 'Proclamação da República', 'FERIADO'),
(26, '2027-12-25', 'Natal', 'FERIADO');

-- --------------------------------------------------------

--
-- Table structure for table `professores`
--

CREATE TABLE `professores` (
  `id` int(11) NOT NULL,
  `nome` varchar(100) NOT NULL,
  `email` varchar(100) DEFAULT NULL,
  `telefone` varchar(20) DEFAULT NULL,
  `apelido` varchar(50) NOT NULL
) ENGINE=InnoDB DEFAULT CHARSET=utf8mb4 COLLATE=utf8mb4_unicode_ci;

--
-- Dumping data for table `professores`
--

INSERT INTO `professores` (`id`, `nome`, `email`, `telefone`, `apelido`) VALUES
(1, 'Elcio Julio Sava', 'elcio.sava@sistemafiep.org.br', '42984092002', 'Elcio'),
(2, 'Alayde Zenaro Szymkow', '', '', 'Alayde'),
(3, 'Antonio Pires Do Prado Neto', '', '', 'Pires'),
(4, 'Gleison Dvojatzki', '', '', 'Gleison'),
(5, 'Kley Marts Ataide', '', '', 'Kley'),
(6, 'Silvano Jose Osorio', '', '', 'Silvano'),
(7, 'Silvio Chimenka De Souza', '', '', 'Silvio'),
(8, 'Acledson Rodrigues da Silva', '', '', 'Acledson'),
(9, 'Kelvin Maike Martins', '', '', 'Kelvin');

-- --------------------------------------------------------

--
-- Table structure for table `unidades_curriculares`
--

CREATE TABLE `unidades_curriculares` (
  `id` int(11) NOT NULL,
  `curso_id` int(11) NOT NULL,
  `professor_id` int(11) DEFAULT NULL,
  `nome` varchar(100) NOT NULL,
  `sigla` varchar(20) DEFAULT NULL,
  `carga_horaria` int(11) NOT NULL,
  `cor` varchar(10) DEFAULT NULL,
  `ordem` int(11) DEFAULT NULL,
  `ch_max_ava` int(11) DEFAULT NULL
) ENGINE=InnoDB DEFAULT CHARSET=utf8mb4 COLLATE=utf8mb4_unicode_ci;

--
-- Dumping data for table `unidades_curriculares`
--

INSERT INTO `unidades_curriculares` (`id`, `curso_id`, `professor_id`, `nome`, `sigla`, `carga_horaria`, `cor`, `ordem`, `ch_max_ava`) VALUES
(1, 1, 7, 'Fundamentos da Comunicação e Informação', 'FCI', 20, '#006400	', NULL, NULL),
(2, 1, 2, 'Relações Sócio Profissionais, Cidadania e Ética', 'RCE', 20, '#191970', NULL, NULL),
(3, 1, 2, 'Saúde e Segurança do Trabalho', 'SST', 20, '#D2691E', NULL, NULL),
(4, 1, 7, 'Raciocínio Lógico e Análise de Dados', 'RLA', 20, '#4682B4', NULL, NULL),
(5, 1, 5, 'Transformação Digital no Setor Industrial', 'TDI', 20, '#DEB887', NULL, NULL),
(6, 1, 2, 'Planejamento e Organização do Trabalho', 'POT', 20, '#FA8072', NULL, NULL),
(7, 1, 9, 'Fundamentos da Administração', 'FUA', 80, '#4B0082', NULL, NULL),
(8, 1, 2, 'Gestão de Pessoas', 'GSP', 80, '#F0E68C', NULL, NULL),
(9, 1, 5, 'Marketing, Comercial e Vendas', 'MCV', 80, '#B0E0E6', NULL, NULL),
(10, 1, 5, 'Gestão Contábil e Financeira', 'GCF', 80, '#8B0000', NULL, NULL),
(11, 1, 4, 'Gestão da Produção, Operações e Logística', 'GPO', 80, '#BA55D3', NULL, NULL),
(12, 1, 7, 'Tratamento e Gerenciamento de Dados Quantitativos', 'TGD', 80, NULL, NULL, NULL),
(13, 2, 7, 'Fundamentos da Comunicação e Informação', 'FCI', 20, '#006400	', NULL, NULL),
(14, 2, 2, 'Relações Sócio Profissionais, Cidadania e Ética', 'RSP', 20, '#191970	', NULL, NULL),
(15, 2, 7, 'Saúde e Segurança do Trabalho', 'SST', 20, '#D2691E', NULL, NULL),
(16, 2, 7, 'Transformação Digital', 'TRD', 20, '#FFFACD', NULL, NULL),
(17, 2, 2, 'Planejamento e Organização do Trabalho', 'POT', 20, '#FA8072', NULL, NULL),
(18, 2, 7, 'Raciocínio Lógico e Análise de Dados', 'RLD', 20, '#4682B4', NULL, NULL),
(19, 2, 4, 'Fundamentos de Medição Industrial', 'FMI', 80, '#FF1493', NULL, NULL),
(20, 2, 4, 'Leitura e Interpretação de Desenho Técnico', 'LID', 80, '#A52A2A', NULL, NULL),
(21, 2, 4, 'Noções de Máquinas, Equipamentos e Ferramentas Industriais', 'NME', 80, '#F4A460', NULL, NULL),
(22, 2, 5, 'Processos de Manufatura e Propriedades dos Materiais', 'PMP', 80, '#DC143C', NULL, NULL),
(23, 2, 9, 'Gestão da Produção, Operações e Logística', 'GPO', 80, '#BA55D3', NULL, NULL),
(24, 2, 9, 'Planejamento e Controle da Produção', 'PCP', 80, '#D2691E', NULL, NULL),
(25, 3, 1, 'UC de teste', 'CUT', 20, '#1f77b4', NULL, NULL);

--
-- Indexes for dumped tables
--

--
-- Indexes for table `agendamentos`
--
ALTER TABLE `agendamentos`
  ADD PRIMARY KEY (`id`),
  ADD KEY `curso_id` (`curso_id`);

--
-- Indexes for table `agenda_professores`
--
ALTER TABLE `agenda_professores`
  ADD PRIMARY KEY (`id`),
  ADD KEY `professor_id` (`professor_id`),
  ADD KEY `substituto_id` (`substituto_id`),
  ADD KEY `curso_id` (`curso_id`),
  ADD KEY `uc_id` (`uc_id`);

--
-- Indexes for table `aulas`
--
ALTER TABLE `aulas`
  ADD PRIMARY KEY (`id`),
  ADD KEY `fk_aula_curso` (`curso_id`),
  ADD KEY `fk_aula_uc` (`uc_id`),
  ADD KEY `fk_aula_prof` (`professor_id`);

--
-- Indexes for table `cursos`
--
ALTER TABLE `cursos`
  ADD PRIMARY KEY (`id`);

--
-- Indexes for table `eventos_professores`
--
ALTER TABLE `eventos_professores`
  ADD PRIMARY KEY (`id`),
  ADD KEY `fk_ev_prof` (`professor_id`),
  ADD KEY `fk_ev_curso` (`curso_id`),
  ADD KEY `fk_ev_uc` (`uc_id`);

--
-- Indexes for table `feriados`
--
ALTER TABLE `feriados`
  ADD PRIMARY KEY (`id`);

--
-- Indexes for table `professores`
--
ALTER TABLE `professores`
  ADD PRIMARY KEY (`id`);

--
-- Indexes for table `unidades_curriculares`
--
ALTER TABLE `unidades_curriculares`
  ADD PRIMARY KEY (`id`),
  ADD KEY `fk_uc_curso` (`curso_id`),
  ADD KEY `fk_uc_professor` (`professor_id`);

--
-- AUTO_INCREMENT for dumped tables
--

--
-- AUTO_INCREMENT for table `agendamentos`
--
ALTER TABLE `agendamentos`
  MODIFY `id` int(11) NOT NULL AUTO_INCREMENT, AUTO_INCREMENT=2941;

--
-- AUTO_INCREMENT for table `agenda_professores`
--
ALTER TABLE `agenda_professores`
  MODIFY `id` int(11) NOT NULL AUTO_INCREMENT, AUTO_INCREMENT=2;

--
-- AUTO_INCREMENT for table `aulas`
--
ALTER TABLE `aulas`
  MODIFY `id` int(11) NOT NULL AUTO_INCREMENT, AUTO_INCREMENT=2561;

--
-- AUTO_INCREMENT for table `cursos`
--
ALTER TABLE `cursos`
  MODIFY `id` int(11) NOT NULL AUTO_INCREMENT, AUTO_INCREMENT=4;

--
-- AUTO_INCREMENT for table `eventos_professores`
--
ALTER TABLE `eventos_professores`
  MODIFY `id` int(11) NOT NULL AUTO_INCREMENT;

--
-- AUTO_INCREMENT for table `feriados`
--
ALTER TABLE `feriados`
  MODIFY `id` int(11) NOT NULL AUTO_INCREMENT, AUTO_INCREMENT=27;

--
-- AUTO_INCREMENT for table `professores`
--
ALTER TABLE `professores`
  MODIFY `id` int(11) NOT NULL AUTO_INCREMENT, AUTO_INCREMENT=10;

--
-- AUTO_INCREMENT for table `unidades_curriculares`
--
ALTER TABLE `unidades_curriculares`
  MODIFY `id` int(11) NOT NULL AUTO_INCREMENT, AUTO_INCREMENT=26;

--
-- Constraints for dumped tables
--

--
-- Constraints for table `agendamentos`
--
ALTER TABLE `agendamentos`
  ADD CONSTRAINT `agendamentos_ibfk_1` FOREIGN KEY (`curso_id`) REFERENCES `cursos` (`id`);

--
-- Constraints for table `agenda_professores`
--
ALTER TABLE `agenda_professores`
  ADD CONSTRAINT `agenda_professores_ibfk_1` FOREIGN KEY (`professor_id`) REFERENCES `professores` (`id`),
  ADD CONSTRAINT `agenda_professores_ibfk_2` FOREIGN KEY (`substituto_id`) REFERENCES `professores` (`id`),
  ADD CONSTRAINT `agenda_professores_ibfk_3` FOREIGN KEY (`curso_id`) REFERENCES `cursos` (`id`),
  ADD CONSTRAINT `agenda_professores_ibfk_4` FOREIGN KEY (`uc_id`) REFERENCES `unidades_curriculares` (`id`);

--
-- Constraints for table `aulas`
--
ALTER TABLE `aulas`
  ADD CONSTRAINT `fk_aula_curso` FOREIGN KEY (`curso_id`) REFERENCES `cursos` (`id`) ON DELETE CASCADE ON UPDATE CASCADE,
  ADD CONSTRAINT `fk_aula_prof` FOREIGN KEY (`professor_id`) REFERENCES `professores` (`id`) ON DELETE CASCADE ON UPDATE CASCADE,
  ADD CONSTRAINT `fk_aula_uc` FOREIGN KEY (`uc_id`) REFERENCES `unidades_curriculares` (`id`) ON DELETE CASCADE ON UPDATE CASCADE;

--
-- Constraints for table `eventos_professores`
--
ALTER TABLE `eventos_professores`
  ADD CONSTRAINT `fk_ev_curso` FOREIGN KEY (`curso_id`) REFERENCES `cursos` (`id`) ON DELETE SET NULL,
  ADD CONSTRAINT `fk_ev_prof` FOREIGN KEY (`professor_id`) REFERENCES `professores` (`id`) ON DELETE CASCADE,
  ADD CONSTRAINT `fk_ev_uc` FOREIGN KEY (`uc_id`) REFERENCES `unidades_curriculares` (`id`) ON DELETE SET NULL;

--
-- Constraints for table `unidades_curriculares`
--
ALTER TABLE `unidades_curriculares`
  ADD CONSTRAINT `fk_uc_curso` FOREIGN KEY (`curso_id`) REFERENCES `cursos` (`id`) ON DELETE CASCADE ON UPDATE CASCADE,
  ADD CONSTRAINT `fk_uc_professor` FOREIGN KEY (`professor_id`) REFERENCES `professores` (`id`) ON DELETE SET NULL ON UPDATE CASCADE;
COMMIT;

/*!40101 SET CHARACTER_SET_CLIENT=@OLD_CHARACTER_SET_CLIENT */;
/*!40101 SET CHARACTER_SET_RESULTS=@OLD_CHARACTER_SET_RESULTS */;
/*!40101 SET COLLATION_CONNECTION=@OLD_COLLATION_CONNECTION */;
